GEO.id,GEO.id2,GEO.display-label,HD01_VD02,HD02_VD02,HD01_VD03,HD02_VD03,HD01_VD04,HD02_VD04,HD01_VD05,HD02_VD05,HD01_VD06,HD02_VD06
310M200US10140,10140,"Aberdeen, WA Micro Area",18307,5073,35127,3179,55114,7633,81358,7489,125613,16624
310M200US10180,10180,"Abilene, TX Metro Area",19374,1597,36501,3187,54338,3553,88840,4620,166020,12904
310M200US10300,10300,"Adrian, MI Micro Area",21013,1637,37284,2582,58246,5030,87636,6053,144480,10272
310M200US10380,10380,"Aguadilla-Isabela, PR Metro Area",5394,798,12494,837,20701,1354,37154,2576,63709,1945
310M200US10420,10420,"Akron, OH Metro Area",21275,796,40274,1103,62002,1309,99876,2805,177445,8357
310M200US10460,10460,"Alamogordo, NM Micro Area",17068,2335,36171,3269,49415,4661,76417,7715,115659,21846
310M200US10500,10500,"Albany, GA Metro Area",13384,1443,30226,2036,49487,5285,79051,4145,138564,13763
310M200US10540,10540,"Albany, OR Metro Area",18986,2007,34761,3190,55365,6511,84816,3326,142476,17064
310M200US10580,10580,"Albany-Schenectady-Troy, NY Metro Area",26823,1261,49675,1501,77493,2127,116245,2067,191496,5636
310M200US10700,10700,"Albertville, AL Micro Area",15876,2388,26174,2560,42901,4001,81114,8947,141406,14573
310M200US10740,10740,"Albuquerque, NM Metro Area",19007,1030,37145,977,60650,989,97933,2258,178666,6360
310M200US10780,10780,"Alexandria, LA Metro Area",16293,1211,31267,2363,52318,3753,87630,5322,137551,7533
310M200US10900,10900,"Allentown-Bethlehem-Easton, PA-NJ Metro Area",25791,1122,48881,1335,72622,1547,112192,2666,197017,9066
310M200US11020,11020,"Altoona, PA Metro Area",19039,2192,33879,3106,55947,4076,84818,3955,138388,16354
310M200US11100,11100,"Amarillo, TX Metro Area",21802,1325,40087,2163,64158,3293,102616,4417,164537,10340
310M200US11180,11180,"Ames, IA Metro Area",17342,2073,35059,3086,65357,5486,100489,7254,185779,32219
310M200US11260,11260,"Anchorage, AK Metro Area",35570,2456,62323,2216,92722,3864,136736,5070,223868,17335
310M200US11460,11460,"Ann Arbor, MI Metro Area",26644,1317,49546,2162,79740,3488,127480,4902,225179,16431
310M200US11500,11500,"Anniston-Oxford-Jacksonville, AL Metro Area",14468,1208,31647,2529,51400,2166,79470,7795,137133,14337
310M200US11540,11540,"Appleton, WI Metro Area",29635,1722,48891,2375,72827,2454,104129,3930,169081,8601
310M200US11640,11640,"Arecibo, PR Metro Area",4941,952,12106,942,20489,1280,35426,2469,71321,3443
310M200US11700,11700,"Asheville, NC Metro Area",20690,1027,36761,1261,56810,1733,87365,3592,150916,7470
310M200US11780,11780,"Ashtabula, OH Micro Area",17793,1606,31749,1797,49947,4861,75316,2740,128369,5668
310M200US11980,11980,"Athens, TX Micro Area",17165,2948,32221,3254,50101,2901,79220,5046,142250,12152
310M200US12020,12020,"Athens-Clarke County, GA Metro Area",15432,1351,30219,2024,52868,3198,86602,3249,156031,9519
310M200US12060,12060,"Atlanta-Sandy Springs-Roswell, GA Metro Area",24407,531,45053,584,70765,689,113392,1700,213807,3455
310M200US12100,12100,"Atlantic City-Hammonton, NJ Metro Area",22484,1526,43662,1257,68401,2402,107612,4406,191437,16945
310M200US12180,12180,"Auburn, NY Micro Area",23245,3352,41413,2639,62562,2677,96173,4932,147241,8303
310M200US12220,12220,"Auburn-Opelika, AL Metro Area",12731,1765,30463,3098,51872,6067,90904,7593,177563,15396
310M200US12260,12260,"Augusta-Richmond County, GA-SC Metro Area",18817,1268,35983,1314,60491,2701,94322,2996,157690,7219
310M200US12300,12300,"Augusta-Waterville, ME Micro Area",21112,1662,35042,2886,55739,4318,90884,6448,145128,11417
310M200US12420,12420,"Austin-Round Rock, TX Metro Area",26624,918,50801,741,78137,1878,121010,1625,225399,6089
310M200US12540,12540,"Bakersfield, CA Metro Area",20191,903,37225,1207,61507,1563,100600,2339,172574,9183
310M200US12580,12580,"Baltimore-Columbia-Towson, MD Metro Area",29213,776,56060,951,88838,1519,138650,1804,234799,3969
310M200US12620,12620,"Bangor, ME Metro Area",15408,1364,32212,2023,53027,3441,87675,4319,146429,12227
310M200US12700,12700,"Barnstable Town, MA Metro Area",26771,2742,51066,2942,80725,3781,125331,6028,209306,12087
310M200US12940,12940,"Baton Rouge, LA Metro Area",20250,1270,40544,1396,66345,1725,106342,2374,181829,8410
310M200US12980,12980,"Battle Creek, MI Metro Area",20677,1783,35751,1788,54686,3102,83103,4501,151308,11288
310M200US13020,13020,"Bay City, MI Metro Area",19921,1775,37686,3956,61394,4183,91578,4729,165853,20586
310M200US13140,13140,"Beaumont-Port Arthur, TX Metro Area",16204,1249,32468,2094,54500,2183,91068,2684,161425,8248
310M200US13180,13180,"Beaver Dam, WI Micro Area",25931,1672,44282,2379,65351,3954,92559,5376,145870,11137
310M200US13220,13220,"Beckley, WV Metro Area",17656,1756,31210,1798,49445,3062,76362,4299,133745,12605
310M200US13380,13380,"Bellingham, WA Metro Area",22022,1951,42860,3442,63804,3015,97218,5513,163111,21023
310M200US13460,13460,"Bend-Redmond, OR Metro Area",25083,1946,41203,2660,65111,6213,98944,6359,176652,27922
310M200US13740,13740,"Billings, MT Metro Area",21829,1453,41811,2011,63451,2939,101833,5299,205762,22182
310M200US13780,13780,"Binghamton, NY Metro Area",19328,1758,38009,2525,59996,3111,96512,4896,160539,11353
310M200US13820,13820,"Birmingham-Hoover, AL Metro Area",19026,804,36199,913,60271,1165,96557,1498,173585,5135
310M200US13900,13900,"Bismarck, ND Metro Area",29253,2658,51626,3919,76003,2600,111247,5882,209754,23998
310M200US13980,13980,"Blacksburg-Christiansburg-Radford, VA Metro Area",16264,2868,35470,3499,54434,2569,85461,6844,146863,16563
310M200US14010,14010,"Bloomington, IL Metro Area",25081,2361,45928,2726,70975,2302,113961,5410,179982,9318
310M200US14020,14020,"Bloomington, IN Metro Area",15852,1628,34857,2506,55576,2355,90306,7969,167451,20414
310M200US14100,14100,"Bloomsburg-Berwick, PA Metro Area",21198,1951,39895,2618,60135,2308,94688,5208,152181,15714
310M200US14140,14140,"Bluefield, WV-VA Micro Area",14114,1172,26485,3151,45938,3963,75773,6883,120227,9647
310M200US14260,14260,"Boise City, ID Metro Area",23017,1437,41569,1376,62606,2240,99634,3333,187806,20659
310M200US14460,14460,"Boston-Cambridge-Newton, MA-NH Metro Area",27883,782,58587,1069,96012,975,151641,949,,
310M200US14500,14500,"Boulder, CO Metro Area",27550,1947,55946,2625,89397,4086,143179,4919,,
310M200US14540,14540,"Bowling Green, KY Metro Area",19143,2217,37071,2458,57774,3385,85635,4702,131252,7897
310M200US14580,14580,"Bozeman, MT Micro Area",21798,2727,40507,1940,61219,3026,97778,8777,179216,20953
310M200US14660,14660,"Brainerd, MN Micro Area",22062,1672,38717,2531,59185,2949,88697,5170,142800,8448
310M200US14700,14700,"Branson, MO Micro Area",17568,1977,30341,2173,46091,2889,69460,5036,135595,20823
310M200US14740,14740,"Bremerton-Silverdale, WA Metro Area",25946,2465,49713,2377,74722,2601,113322,5029,208480,17541
310M200US14860,14860,"Bridgeport-Stamford-Norwalk, CT Metro Area",31333,1471,66215,2101,109404,3182,192497,6120,,
310M200US15180,15180,"Brownsville-Harlingen, TX Metro Area",11998,895,24448,1362,42314,2305,75043,6221,138096,4754
310M200US15260,15260,"Brunswick, GA Metro Area",16748,2124,35975,4131,57104,6297,90450,5115,161430,17453
310M200US15380,15380,"Buffalo-Cheektowaga-Niagara Falls, NY Metro Area",20438,595,39293,980,63200,1440,100464,1523,167343,5466
310M200US15500,15500,"Burlington, NC Metro Area",17338,2311,31428,1605,48363,3477,82521,3828,147790,7782
310M200US15540,15540,"Burlington-South Burlington, VT Metro Area",28007,2296,50715,2168,77343,3937,114881,7270,195440,9657
310M200US15680,15680,"California-Lexington Park, MD Metro Area",35583,7638,66186,5524,100234,4131,137915,14382,241241,25627
310M200US15940,15940,"Canton-Massillon, OH Metro Area",21447,1466,38738,1774,58168,1889,90612,3052,158725,11619
310M200US15980,15980,"Cape Coral-Fort Myers, FL Metro Area",21805,850,39265,1432,59512,1604,93577,4137,174896,11027
310M200US16020,16020,"Cape Girardeau, MO-IL Metro Area",17157,1601,32114,4623,53502,3477,82635,6713,147402,13511
310M200US16060,16060,"Carbondale-Marion, IL Metro Area",15174,2409,31432,1780,53816,4226,83540,5575,152524,13381
310M200US16180,16180,"Carson City, NV Metro Area",21041,3235,34920,4688,54742,7477,84586,5389,152607,15989
310M200US16220,16220,"Casper, WY Metro Area",27340,4649,44509,6083,68081,5905,102600,6724,182512,14844
310M200US16300,16300,"Cedar Rapids, IA Metro Area",25257,2420,50118,2381,76190,2371,109476,4655,186000,14842
310M200US16500,16500,"Centralia, WA Micro Area",18973,2537,35343,2730,59075,5365,85917,4885,135340,8473
310M200US16540,16540,"Chambersburg-Waynesboro, PA Metro Area",23170,3269,39880,2303,61111,2099,89981,4408,152092,11671
310M200US16580,16580,"Champaign-Urbana, IL Metro Area",18089,2096,36706,2243,60810,2775,95545,4106,169797,17097
310M200US16620,16620,"Charleston, WV Metro Area",18267,1832,34789,2251,52716,2514,82646,5131,152128,15372
310M200US16660,16660,"Charleston-Mattoon, IL Micro Area",15213,1979,29733,3319,50617,4435,81040,7694,136963,14393
310M200US16700,16700,"Charleston-North Charleston, SC Metro Area",22403,1076,41771,1168,67368,1692,105772,3114,195455,16963
310M200US16740,16740,"Charlotte-Concord-Gastonia, NC-SC Metro Area",22741,581,42524,855,67123,1272,106351,1515,203884,3707
310M200US16820,16820,"Charlottesville, VA Metro Area",21510,1897,44537,2822,70953,3362,112202,5979,218612,20934
310M200US16860,16860,"Chattanooga, TN-GA Metro Area",19127,1185,37255,1368,57067,1499,91089,2539,160212,5949
310M200US16940,16940,"Cheyenne, WY Metro Area",23738,2629,46704,5815,73739,5372,106368,6389,161169,16333
310M200US16980,16980,"Chicago-Naperville-Elgin, IL-IN-WI Metro Area",24803,372,48700,547,77260,467,122539,935,227736,4171
310M200US17020,17020,"Chico, CA Metro Area",15839,1008,32492,2685,55900,3287,94479,5837,169325,18023
310M200US17060,17060,"Chillicothe, OH Micro Area",17265,3090,35301,3298,51848,3533,88951,10773,138991,12672
310M200US17140,17140,"Cincinnati, OH-KY-IN Metro Area",22006,522,42956,892,69162,1293,109594,1861,197195,5033
310M200US17200,17200,"Claremont-Lebanon, NH-VT Micro Area",25052,1579,45359,2409,66888,2036,99371,4523,180663,12475
310M200US17220,17220,"Clarksburg, WV Micro Area",18032,2338,32265,2341,52871,3959,81842,4746,161326,9460
310M200US17300,17300,"Clarksville, TN-KY Metro Area",20969,1365,37013,1736,56306,2574,85106,6271,143575,13798
310M200US17340,17340,"Clearlake, CA Micro Area",13560,2235,25922,2841,44174,7053,75754,8112,131375,9913
310M200US17420,17420,"Cleveland, TN Metro Area",17738,3550,32488,2828,50823,3373,82188,4810,171873,30584
310M200US17460,17460,"Cleveland-Elyria, OH Metro Area",19575,459,38701,749,62335,915,100678,931,181517,4331
310M200US17660,17660,"Coeur d'Alene, ID Metro Area",25001,2984,39452,2919,58629,4787,95171,9643,160056,32399
310M200US17780,17780,"College Station-Bryan, TX Metro Area",15130,1711,33352,3246,54304,4138,88983,4397,161518,11569
310M200US17820,17820,"Colorado Springs, CO Metro Area",25744,1473,47943,1587,72690,1995,112201,2164,193286,12178
310M200US17860,17860,"Columbia, MO Metro Area",17989,3143,38322,4162,61417,3105,97272,6975,166951,16731
310M200US17900,17900,"Columbia, SC Metro Area",21379,748,39659,1537,61362,1258,97118,3057,164496,5565
310M200US17980,17980,"Columbus, GA-AL Metro Area",19707,1403,34856,1496,52884,1663,84599,2891,147349,12027
310M200US18020,18020,"Columbus, IN Metro Area",22527,3790,42483,4046,63899,5859,97831,9842,173570,9836
310M200US18140,18140,"Columbus, OH Metro Area",23402,749,44359,973,71131,976,111045,1394,199316,6137
310M200US18180,18180,"Concord, NH Micro Area",28537,2806,51254,2021,78253,4058,116936,5987,200798,11468
310M200US18260,18260,"Cookeville, TN Micro Area",14747,1863,28076,3005,47585,4171,67492,2964,124612,30941
310M200US18300,18300,"Coos Bay, OR Micro Area",15326,2005,31563,4367,48733,4101,80473,7474,148019,27542
310M200US18500,18500,"Corning, NY Micro Area",18354,1909,36658,2372,57206,3372,86335,3771,138506,10936
310M200US18580,18580,"Corpus Christi, TX Metro Area",21674,1050,41567,1913,63488,2931,101849,3584,178429,10231
310M200US18700,18700,"Corvallis, OR Metro Area",17891,2062,38262,2944,66793,5432,105197,11139,191298,12519
310M200US18880,18880,"Crestview-Fort Walton Beach-Destin, FL Metro Area",24337,2257,42408,2216,67753,4361,103324,2846,182542,8967
310M200US18980,18980,"Cullman, AL Micro Area",18516,1116,29262,3169,45957,3829,72170,7546,140554,24145
310M200US19060,19060,"Cumberland, MD-WV Metro Area",15897,2651,31227,2807,49077,4304,76089,6488,128423,10322
310M200US19100,19100,"Dallas-Fort Worth-Arlington, TX Metro Area",25397,407,46789,509,74427,990,119790,1514,222483,3941
310M200US19140,19140,"Dalton, GA Metro Area",18519,2327,32448,2561,52241,4682,85120,9230,152150,28174
310M200US19180,19180,"Danville, IL Metro Area",17868,2382,32685,5117,52204,3309,80816,3679,136982,9971
310M200US19260,19260,"Danville, VA Micro Area",16453,1490,32932,2767,49973,3241,79757,5556,130823,19212
310M200US19300,19300,"Daphne-Fairhope-Foley, AL Metro Area",20230,2326,38427,3326,60697,3565,96353,7715,176989,31206
310M200US19340,19340,"Davenport-Moline-Rock Island, IA-IL Metro Area",23166,1195,41023,1810,62117,1929,96894,3259,166455,8128
310M200US19380,19380,"Dayton, OH Metro Area",18995,952,36333,1217,58725,1328,96022,2411,166690,4699
310M200US19460,19460,"Decatur, AL Metro Area",20108,1770,36752,2836,55646,3900,85593,8410,140354,10455
310M200US19500,19500,"Decatur, IL Metro Area",19959,2588,36442,3045,62573,3423,91799,3870,159395,9122
310M200US19660,19660,"Deltona-Daytona Beach-Ormond Beach, FL Metro Area",19716,737,33957,1217,52334,1261,81250,2901,142862,6796
310M200US19740,19740,"Denver-Aurora-Lakewood, CO Metro Area",29527,784,52573,703,81656,754,127276,1748,231352,4824
310M200US19780,19780,"Des Moines-West Des Moines, IA Metro Area",28136,1466,51530,1371,77020,2086,120480,3566,204779,8634
310M200US19820,19820,"Detroit-Warren-Dearborn, MI Metro Area",21132,309,41510,441,66940,695,106437,966,192634,2925
310M200US20020,20020,"Dothan, AL Metro Area",15771,655,30168,1493,48567,2217,79280,4080,147586,12596
310M200US20100,20100,"Dover, DE Metro Area",24951,3010,42877,3737,67421,5527,101887,5577,162089,8803
310M200US20180,20180,"DuBois, PA Micro Area",16949,1746,31638,2747,48014,3679,71465,4181,120290,15622
310M200US20220,20220,"Dubuque, IA Metro Area",24730,3243,44328,4978,66923,4293,96063,2907,154175,8322
310M200US20260,20260,"Duluth, MN-WI Metro Area",20458,1266,39429,1837,61373,1618,92353,2662,150822,7572
310M200US20380,20380,"Dunn, NC Micro Area",19852,2648,34803,2269,54980,3186,83941,3509,145398,8973
310M200US20500,20500,"Durham-Chapel Hill, NC Metro Area",21678,970,41515,1274,65516,2679,110210,4279,226091,13667
310M200US20700,20700,"East Stroudsburg, PA Metro Area",26663,3288,46481,6148,76271,5201,105355,5476,166289,27187
310M200US20740,20740,"Eau Claire, WI Metro Area",22012,1292,38977,2876,60683,1863,94264,3303,156567,9405
310M200US20940,20940,"El Centro, CA Metro Area",14592,2397,29438,2333,53410,6798,93874,6901,172763,20839
310M200US21020,21020,"Elizabeth City, NC Micro Area",20000,4232,38346,7486,57808,6920,87735,7263,135035,10647
310M200US21060,21060,"Elizabethtown-Fort Knox, KY Metro Area",23494,2099,39692,3052,61130,2879,94103,5048,149333,10446
310M200US21140,21140,"Elkhart-Goshen, IN Metro Area",22460,2429,40449,2992,59497,4124,87351,3542,146392,14500
310M200US21300,21300,"Elmira, NY Metro Area",20320,1925,40141,2876,61370,3705,98517,6826,162165,17157
310M200US21340,21340,"El Paso, TX Metro Area",16979,858,31704,1110,49488,1557,80403,2586,149583,7181
310M200US21500,21500,"Erie, PA Metro Area",20102,1417,35867,1892,56235,1994,90052,4261,159688,12473
310M200US21660,21660,"Eugene, OR Metro Area",18447,1170,36086,1402,55861,1843,89088,2728,154754,6605
310M200US21700,21700,"Eureka-Arcata-Fortuna, CA Micro Area",15931,1481,30887,2480,49279,2358,79680,6438,150994,20481
310M200US21780,21780,"Evansville, IN-KY Metro Area",20329,1235,36833,1422,58949,3034,93288,4391,161197,7164
310M200US21820,21820,"Fairbanks, AK Metro Area",32485,5397,56076,7093,83357,5302,130651,16031,223384,31323
310M200US22020,22020,"Fargo, ND-MN Metro Area",25100,2154,43527,2498,66821,2401,103096,5613,200676,17314
310M200US22060,22060,"Faribault-Northfield, MN Micro Area",25352,2660,48270,5503,73920,5534,104764,7065,187164,38517
310M200US22100,22100,"Farmington, MO Micro Area",16932,3689,32988,5331,52284,4512,79749,9813,130880,24521
310M200US22140,22140,"Farmington, NM Metro Area",19033,3623,37238,4630,62175,3344,94101,5609,165530,15008
310M200US22180,22180,"Fayetteville, NC Metro Area",20702,851,34157,1702,51262,1769,82490,2913,143687,6180
310M200US22220,22220,"Fayetteville-Springdale-Rogers, AR-MO Metro Area",21715,1329,39563,2112,62700,3307,101061,3763,187459,8145
310M200US22300,22300,"Findlay, OH Micro Area",24371,3846,41322,4136,60526,2741,90157,6438,154227,20755
310M200US22380,22380,"Flagstaff, AZ Metro Area",20717,3059,38747,4982,64475,7879,107887,3926,185647,26810
310M200US22420,22420,"Flint, MI Metro Area",17371,902,32999,1529,53010,1737,83598,2434,153097,5858
310M200US22500,22500,"Florence, SC Metro Area",14748,2034,31331,2210,51670,1845,82958,3504,142156,16353
310M200US22520,22520,"Florence-Muscle Shoals, AL Metro Area",16977,1361,31742,2436,50800,1928,82301,7298,137213,10531
310M200US22540,22540,"Fond du Lac, WI Metro Area",25065,1940,43785,2751,62780,3014,94606,6014,147050,11112
310M200US22580,22580,"Forest City, NC Micro Area",14921,1911,28339,2275,43802,3160,67771,5353,108064,23372
310M200US22660,22660,"Fort Collins, CO Metro Area",25191,1441,44142,2147,70370,2690,109827,3770,194576,7931
310M200US22900,22900,"Fort Smith, AR-OK Metro Area",16562,883,30982,1572,49182,2261,75935,2452,137391,7720
310M200US23060,23060,"Fort Wayne, IN Metro Area",21762,1044,38793,2362,60654,1601,89753,3067,153545,9029
310M200US23180,23180,"Frankfort, KY Micro Area",24559,4185,41732,4006,61066,3641,100085,6998,149303,14696
310M200US23420,23420,"Fresno, CA Metro Area",17821,1057,33431,1535,56380,1539,93817,2631,171584,7118
310M200US23460,23460,"Gadsden, AL Metro Area",16480,2192,31091,3429,51319,3286,75964,5668,132268,15111
310M200US23540,23540,"Gainesville, FL Metro Area",15709,1561,32755,2161,56604,2862,92895,3946,187512,14736
310M200US23580,23580,"Gainesville, GA Metro Area",25237,2593,42926,3273,65223,3392,100817,6646,173018,15579
310M200US23700,23700,"Gallup, NM Micro Area",9508,1374,18884,2326,38585,6290,67720,9276,123449,14709
310M200US23900,23900,"Gettysburg, PA Metro Area",26903,2081,48911,3513,72059,3802,107139,5689,182718,10968
310M200US24020,24020,"Glens Falls, NY Metro Area",21455,2279,42086,1903,64431,3637,95871,5283,154680,16420
310M200US24060,24060,"Glenwood Springs, CO Micro Area",30991,2481,51787,4192,81997,7593,124236,8808,237230,47695
310M200US24140,24140,"Goldsboro, NC Metro Area",16265,1760,29763,1592,44677,3029,71559,3645,128167,9859
310M200US24220,24220,"Grand Forks, ND-MN Metro Area",17803,1776,38137,4396,61309,2691,95489,8175,177264,10898
310M200US24260,24260,"Grand Island, NE Metro Area",21916,2366,40013,3238,57314,2844,89058,3137,161359,16810
310M200US24300,24300,"Grand Junction, CO Metro Area",20840,3391,37034,3835,60051,4493,94912,9763,152888,14208
310M200US24340,24340,"Grand Rapids-Wyoming, MI Metro Area",24482,1135,43883,1159,65989,1198,100277,2243,172380,4560
310M200US24420,24420,"Grants Pass, OR Metro Area",18197,2470,30633,2044,45318,4767,71917,5246,144643,45701
310M200US24500,24500,"Great Falls, MT Metro Area",19674,2385,33501,3126,53959,4037,85907,8168,140193,14227
310M200US24540,24540,"Greeley, CO Metro Area",30687,1672,50714,1476,76032,2646,110210,2952,185089,11970
310M200US24580,24580,"Green Bay, WI Metro Area",24421,1472,43848,1749,66189,1895,97735,5018,157143,11139
310M200US24620,24620,"Greeneville, TN Micro Area",18353,2273,30842,2128,45227,4779,66652,5471,125002,22297
310M200US24640,24640,"Greenfield Town, MA Micro Area",19244,2033,41835,3539,69931,4533,105347,8413,159217,13997
310M200US24660,24660,"Greensboro-High Point, NC Metro Area",19210,981,35018,1012,53573,1705,87371,2563,159919,5808
310M200US24780,24780,"Greenville, NC Metro Area",15036,1497,31415,2674,51228,2832,85228,3765,163411,21140
310M200US24860,24860,"Greenville-Anderson-Mauldin, SC Metro Area",19376,913,34915,1452,55525,1470,89275,2144,162079,8253
310M200US24940,24940,"Greenwood, SC Micro Area",15607,1573,27782,2371,45982,4123,78906,5042,131561,10264
310M200US25020,25020,"Guayama, PR Metro Area",4754,1097,11351,1574,18166,2588,34913,5913,63499,5531
310M200US25060,25060,"Gulfport-Biloxi-Pascagoula, MS Metro Area",18548,1493,35580,1377,52786,1823,83399,3843,134894,6521
310M200US25180,25180,"Hagerstown-Martinsburg, MD-WV Metro Area",25002,2005,46070,2444,68076,3839,100033,4539,170104,12126
310M200US25220,25220,"Hammond, LA Metro Area",16600,2910,33712,4466,52681,6118,87034,7693,150792,15690
310M200US25260,25260,"Hanford-Corcoran, CA Metro Area",19037,2193,34354,4096,54239,7235,89217,7321,161593,19662
310M200US25420,25420,"Harrisburg-Carlisle, PA Metro Area",25641,1023,46045,1399,70510,1583,105422,2852,182281,8631
310M200US25500,25500,"Harrisonburg, VA Metro Area",21264,2842,40038,2840,62213,2143,92687,6951,159631,16761
310M200US25540,25540,"Hartford-West Hartford-East Hartford, CT Metro Area",26940,889,53679,1690,86143,1870,136179,3077,241649,7196
310M200US25620,25620,"Hattiesburg, MS Metro Area",16471,1568,31365,3490,51964,2258,86690,7915,148082,14214
310M200US25740,25740,"Helena, MT Micro Area",23198,3758,44562,4405,65408,5024,96396,6979,177010,21316
310M200US25840,25840,"Hermiston-Pendleton, OR Micro Area",18048,2902,35805,3197,53688,3578,83646,4369,134962,13676
310M200US25860,25860,"Hickory-Lenoir-Morganton, NC Metro Area",17427,1634,31677,1707,50806,1723,79527,3582,136305,11698
310M200US25900,25900,"Hilo, HI Micro Area",17102,1457,42741,3493,64029,3945,101440,4967,175180,26839
310M200US25940,25940,"Hilton Head Island-Bluffton-Beaufort, SC Metro Area",25011,2133,41359,1971,66336,2997,103180,7810,210856,21146
310M200US25980,25980,"Hinesville, GA Metro Area",20810,1825,35898,1704,51895,3390,75673,7407,115068,17229
310M200US26020,26020,"Hobbs, NM Micro Area",21488,2538,49814,5780,76306,4007,104407,4320,184273,29499
310M200US26090,26090,"Holland, MI Micro Area",25020,3112,42713,4365,64215,4616,96718,7094,152231,16970
310M200US26140,26140,"Homosassa Springs, FL Metro Area",16106,1467,29685,2723,43445,3197,70902,4582,127799,14657
310M200US26300,26300,"Hot Springs, AR Metro Area",16485,3347,31356,2589,51642,4084,86352,8321,142678,9909
310M200US26380,26380,"Houma-Thibodaux, LA Metro Area",20707,1668,34793,3515,57573,4922,97382,6280,162358,12855
310M200US26420,26420,"Houston-The Woodlands-Sugar Land, TX Metro Area",24758,471,46585,564,75331,914,125083,1787,240711,4194
310M200US26580,26580,"Huntington-Ashland, WV-KY-OH Metro Area",15695,987,31035,1301,50662,1540,82487,3021,136880,9072
310M200US26620,26620,"Huntsville, AL Metro Area",22051,1934,42652,2449,73223,2849,116129,4644,200251,5829
310M200US26660,26660,"Huntsville, TX Micro Area",13939,1881,30428,5377,46939,5952,86796,8130,145961,13745
310M200US26740,26740,"Hutchinson, KS Micro Area",22254,2829,39998,3314,56212,4877,81068,4802,144906,12865
310M200US26820,26820,"Idaho Falls, ID Metro Area",22937,1913,39290,3436,61647,4288,95587,7752,174045,20859
310M200US26860,26860,"Indiana, PA Micro Area",19511,3003,35093,2616,52248,2006,82686,3368,134625,7378
310M200US26900,26900,"Indianapolis-Carmel-Anderson, IN Metro Area",22444,752,42464,717,65193,1174,102827,1846,183764,4562
310M200US26980,26980,"Iowa City, IA Metro Area",21866,2131,44848,3120,77125,4470,113683,3766,231313,52518
310M200US27060,27060,"Ithaca, NY Metro Area",20921,4471,40041,3439,68844,6378,107126,6906,202346,32760
310M200US27100,27100,"Jackson, MI Metro Area",19775,1362,34112,2565,57827,3892,89312,6694,153552,11127
310M200US27140,27140,"Jackson, MS Metro Area",18393,1436,36123,1189,60063,2308,98356,4275,173429,11462
310M200US27180,27180,"Jackson, TN Metro Area",15914,2035,31055,2069,51103,2263,81847,4353,140211,11457
310M200US27260,27260,"Jacksonville, FL Metro Area",22753,893,40281,907,64138,1669,102129,2098,184303,5323
310M200US27340,27340,"Jacksonville, NC Metro Area",21863,2934,38621,3175,55948,3296,79715,4599,155109,30193
310M200US27460,27460,"Jamestown-Dunkirk-Fredonia, NY Micro Area",16468,1044,32791,2323,51503,2347,82320,3240,127087,5291
310M200US27500,27500,"Janesville-Beloit, WI Metro Area",25245,1879,41660,2231,62855,4929,96544,4063,157689,16149
310M200US27620,27620,"Jefferson City, MO Metro Area",23358,2036,40445,2931,61420,1819,89101,4316,138572,7117
310M200US27740,27740,"Johnson City, TN Metro Area",16308,1159,30810,1449,49100,2875,75494,4276,145552,24683
310M200US27780,27780,"Johnstown, PA Metro Area",17832,1925,33170,2154,54396,2739,86434,4953,148745,13293
310M200US27860,27860,"Jonesboro, AR Metro Area",16966,2025,31999,3657,48622,2880,77769,6207,163593,18675
310M200US27900,27900,"Joplin, MO Metro Area",18517,2558,33542,2648,53310,3220,82980,5483,150292,13956
310M200US27980,27980,"Kahului-Wailuku-Lahaina, HI Metro Area",29535,3562,52983,5215,79529,5674,118311,4703,197404,29525
310M200US28020,28020,"Kalamazoo-Portage, MI Metro Area",20664,1008,35757,1133,58715,2613,94111,4273,167342,8573
310M200US28060,28060,"Kalispell, MT Micro Area",22263,2669,38976,2419,58739,3022,87177,4488,150559,21543
310M200US28100,28100,"Kankakee, IL Metro Area",24578,2976,46889,4056,71827,4618,102060,6810,168587,16631
310M200US28140,28140,"Kansas City, MO-KS Metro Area",24289,665,45051,1026,71006,1056,110047,1612,196939,5173
310M200US28180,28180,"Kapaa, HI Micro Area",24146,5576,48397,6301,77735,5300,118246,10878,215697,21523
310M200US28300,28300,"Keene, NH Micro Area",24767,3424,45227,4965,69413,4968,100751,5364,187088,36084
310M200US28420,28420,"Kennewick-Richland, WA Metro Area",24508,1803,46404,3292,71118,2754,106744,2689,194977,20235
310M200US28580,28580,"Key West, FL Micro Area",24931,3941,48850,4448,72093,6559,106264,7416,210859,18435
310M200US28660,28660,"Killeen-Temple, TX Metro Area",23826,1585,41373,1615,61044,1971,91497,3293,165584,9222
310M200US28700,28700,"Kingsport-Bristol-Bristol, TN-VA Metro Area",16807,1196,30784,1338,50290,2415,81215,3002,143053,7007
310M200US28740,28740,"Kingston, NY Metro Area",22227,2599,41814,3513,72737,5683,115574,6718,202546,11049
310M200US28900,28900,"Klamath Falls, OR Micro Area",17560,1730,31143,3548,48377,3892,76370,5487,143525,22726
310M200US28940,28940,"Knoxville, TN Metro Area",18397,1027,35375,1204,57570,1815,91748,1940,168698,6924
310M200US29020,29020,"Kokomo, IN Metro Area",19232,4108,35917,2160,59698,4317,86776,4873,146899,10670
310M200US29100,29100,"La Crosse-Onalaska, WI-MN Metro Area",25306,1574,40794,1750,63354,2726,96425,4344,155836,10141
310M200US29180,29180,"Lafayette, LA Metro Area",19616,1308,38087,2809,61156,2791,105065,5728,185390,14196
310M200US29200,29200,"Lafayette-West Lafayette, IN Metro Area",18937,1466,35619,2791,56430,2082,88840,3064,152039,10089
310M200US29300,29300,"LaGrange, GA Micro Area",17444,2421,32114,4024,48604,3751,73327,6920,141913,26347
310M200US29340,29340,"Lake Charles, LA Metro Area",19031,2130,35560,3308,58191,5456,93368,4998,161528,6120
310M200US29380,29380,"Lake City, FL Micro Area",15878,3343,30023,5914,50139,5867,70062,8331,160136,48037
310M200US29420,29420,"Lake Havasu City-Kingman, AZ Metro Area",17450,1529,30511,1409,45436,2115,70130,5453,122098,12219
310M200US29460,29460,"Lakeland-Winter Haven, FL Metro Area",19278,1153,35008,1169,52762,1843,81893,1658,138896,3610
310M200US29540,29540,"Lancaster, PA Metro Area",27274,1290,47141,1319,70598,2290,105816,3062,178051,8358
310M200US29620,29620,"Lansing-East Lansing, MI Metro Area",21844,1102,39968,1305,61772,1536,97698,3614,171166,7381
310M200US29700,29700,"Laredo, TX Metro Area",13695,1733,28601,2487,49701,3363,81462,6711,142665,8132
310M200US29740,29740,"Las Cruces, NM Metro Area",16515,1933,30938,1835,48431,2719,80439,5886,154125,11410
310M200US29820,29820,"Las Vegas-Henderson-Paradise, NV Metro Area",23051,558,40974,633,62456,933,96183,1391,166442,4179
310M200US29860,29860,"Laurel, MS Micro Area",15130,2509,28549,3140,46971,4375,80239,7385,140262,14442
310M200US29940,29940,"Lawrence, KS Metro Area",19605,1992,35704,3462,57190,3109,95725,8108,165968,7896
310M200US30020,30020,"Lawton, OK Metro Area",20340,1989,37123,2265,59279,3161,91596,6721,150648,23362
310M200US30140,30140,"Lebanon, PA Metro Area",27047,2312,46146,2777,66080,4203,94994,4898,152172,5681
310M200US30300,30300,"Lewiston, ID-WA Metro Area",19571,2971,36059,4289,52972,4214,84455,7429,152455,25037
310M200US30340,30340,"Lewiston-Auburn, ME Metro Area",18143,3756,37202,3451,59430,3328,90758,3889,143962,11333
310M200US30460,30460,"Lexington-Fayette, KY Metro Area",20384,1014,39016,1563,62278,1437,100001,3032,183180,8717
310M200US30620,30620,"Lima, OH Metro Area",17264,1756,33737,3252,54037,2539,77869,3570,151092,10544
310M200US30700,30700,"Lincoln, NE Metro Area",23632,1707,41174,1362,63850,1939,101641,1879,169987,7337
310M200US30780,30780,"Little Rock-North Little Rock-Conway, AR Metro Area",21541,742,38650,1256,60044,1411,94074,3207,161919,12171
310M200US30860,30860,"Logan, UT-ID Metro Area",23764,2110,41902,2715,61169,2632,88279,3515,141935,14275
310M200US30940,30940,"London, KY Micro Area",13371,1599,25112,1601,38312,3551,59452,3721,103807,8379
310M200US30980,30980,"Longview, TX Metro Area",20174,1717,37390,3020,60927,2570,95180,4660,156071,16440
310M200US31020,31020,"Longview, WA Metro Area",18348,1693,32735,3269,52138,3311,81482,9459,143790,12089
310M200US31080,31080,"Los Angeles-Long Beach-Anaheim, CA Metro Area",23743,321,46630,412,76743,604,126969,957,243771,2236
310M200US31140,31140,"Louisville/Jefferson County, KY-IN Metro Area",20846,636,40709,735,62573,1226,100191,1767,181971,4720
310M200US31180,31180,"Lubbock, TX Metro Area",19772,1233,36236,1370,55178,3886,89414,3350,182038,8839
310M200US31260,31260,"Lufkin, TX Micro Area",18086,3314,35905,2581,51711,4525,78340,7639,120700,18240
310M200US31300,31300,"Lumberton, NC Micro Area",11305,736,23002,1698,36936,1941,62034,2851,117667,10178
310M200US31340,31340,"Lynchburg, VA Metro Area",19437,1574,37505,2748,59740,3297,91723,4899,152972,16220
310M200US31420,31420,"Macon, GA Metro Area",14254,1642,29214,1638,50606,2863,90205,4685,172327,24108
310M200US31460,31460,"Madera, CA Metro Area",19026,2373,35500,2378,54914,6352,92522,4905,144789,9947
310M200US31540,31540,"Madison, WI Metro Area",26958,1144,48141,1715,74785,1707,112993,2688,198229,8516
310M200US31700,31700,"Manchester-Nashua, NH Metro Area",31650,1574,56251,3313,86450,2708,133355,3566,223508,11435
310M200US31740,31740,"Manhattan, KS Metro Area",19266,2228,38110,5497,61412,3974,96344,10043,183082,29255
310M200US31820,31820,"Manitowoc, WI Micro Area",22620,2197,37412,2255,55872,2547,89431,4158,134226,8934
310M200US31860,31860,"Mankato-North Mankato, MN Metro Area",23916,2906,41562,3167,68643,4867,99825,4860,181368,35188
310M200US31900,31900,"Mansfield, OH Metro Area",19591,1538,31962,2348,52570,2598,82098,7691,134141,12640
310M200US31940,31940,"Marinette, WI-MI Micro Area",18571,2320,33868,1949,51739,2853,82081,4847,130793,19958
310M200US31980,31980,"Marion, IN Micro Area",17956,2120,31426,2046,48356,3126,74208,4582,112354,8554
310M200US32020,32020,"Marion, OH Micro Area",16999,2854,30028,3615,49484,3420,77521,10637,134240,12833
310M200US32100,32100,"Marquette, MI Micro Area",16821,1626,35043,4778,53513,3957,82459,4568,141442,6928
310M200US32220,32220,"Marshall, TX Micro Area",20078,3913,40475,5885,65123,8691,91740,5084,160979,39675
310M200US32300,32300,"Martinsville, VA Micro Area",14347,1383,25020,2032,42694,5357,68780,12096,131695,13314
310M200US32420,32420,"Mayagüez, PR Metro Area",3938,1261,11217,1231,21517,2235,36632,4042,73262,17288
310M200US32580,32580,"McAllen-Edinburg-Mission, TX Metro Area",12760,894,26048,1264,46353,1678,75536,2911,136570,6596
310M200US32740,32740,"Meadville, PA Micro Area",21229,1658,37434,1574,53901,3735,82264,5408,142406,11923
310M200US32780,32780,"Medford, OR Metro Area",19734,2204,36527,2039,54241,2672,86962,5993,150884,7657
310M200US32820,32820,"Memphis, TN-MS-AR Metro Area",18350,760,35434,1147,59095,1647,97691,1983,177790,6139
310M200US32900,32900,"Merced, CA Metro Area",20557,1413,35341,1738,55936,2261,89254,3899,157828,16213
310M200US32940,32940,"Meridian, MS Micro Area",15580,2169,27235,2590,47225,2995,74789,5379,141227,21625
310M200US33100,33100,"Miami-Fort Lauderdale-West Palm Beach, FL Metro Area",19775,410,37318,507,61451,554,102107,671,202461,1996
310M200US33140,33140,"Michigan City-La Porte, IN Metro Area",22068,3232,38493,2918,56916,3542,84249,3241,143144,19150
310M200US33220,33220,"Midland, MI Metro Area",23566,3063,41213,1388,63938,3188,101011,6430,195210,34761
310M200US33260,33260,"Midland, TX Metro Area",30697,3034,59090,6356,94365,8040,147956,11902,,
310M200US33340,33340,"Milwaukee-Waukesha-West Allis, WI Metro Area",21596,517,41619,671,67270,1161,107834,2262,193509,5877
310M200US33460,33460,"Minneapolis-St. Paul-Bloomington, MN-WI Metro Area",30142,510,54910,710,84617,1054,129878,1300,233091,4928
310M200US33500,33500,"Minot, ND Micro Area",28506,3143,47468,7974,80760,5243,115751,6585,189816,33800
310M200US33540,33540,"Missoula, MT Metro Area",19214,2548,36004,2185,58425,5300,98894,13334,187258,15054
310M200US33660,33660,"Mobile, AL Metro Area",17449,1110,33169,2122,54728,2687,89810,4141,153073,7261
310M200US33700,33700,"Modesto, CA Metro Area",20878,1775,40910,1534,63461,2228,97466,3620,170254,16822
310M200US33740,33740,"Monroe, LA Metro Area",15104,1522,30780,1968,51785,2536,90365,6155,173291,27402
310M200US33780,33780,"Monroe, MI Metro Area",25359,2055,45163,4996,69129,3407,104986,4234,167011,18903
310M200US33860,33860,"Montgomery, AL Metro Area",18071,1295,35904,1567,58439,2215,94642,3371,156422,5116
310M200US33980,33980,"Morehead City, NC Micro Area",20094,2424,36902,2804,59199,4935,91673,4151,155283,12073
310M200US34060,34060,"Morgantown, WV Metro Area",15874,2368,34185,3679,55297,2753,88012,8933,167866,14425
310M200US34100,34100,"Morristown, TN Metro Area",15646,1664,30608,1879,48418,2667,77410,5273,130991,7212
310M200US34180,34180,"Moses Lake, WA Micro Area",24557,3656,42483,4930,61544,7922,88533,8567,150489,13088
310M200US34340,34340,"Mount Airy, NC Micro Area",15996,2028,30086,2758,46932,5170,75445,6095,125679,9727
310M200US34380,34380,"Mount Pleasant, MI Micro Area",15887,2188,32339,3489,53620,3844,86571,5645,149868,20626
310M200US34580,34580,"Mount Vernon-Anacortes, WA Metro Area",20290,2301,40937,2801,62642,5331,105332,7085,193419,13484
310M200US34620,34620,"Muncie, IN Metro Area",16487,1735,32811,1848,49131,2721,81671,5450,134529,19181
310M200US34740,34740,"Muskegon, MI Metro Area",17884,1308,32955,1930,51320,2130,80561,3275,140131,10295
310M200US34780,34780,"Muskogee, OK Micro Area",17322,1750,33132,2989,50828,1832,77476,5162,134731,18215
310M200US34820,34820,"Myrtle Beach-Conway-North Myrtle Beach, SC-NC Metro Area",20587,1255,36353,1374,52195,1794,80922,2318,147294,6647
310M200US34860,34860,"Nacogdoches, TX Micro Area",14532,2076,31056,2879,47996,3843,73368,4973,117275,9561
310M200US34900,34900,"Napa, CA Metro Area",30752,2282,57015,4339,92610,5860,145708,10219,,
310M200US34940,34940,"Naples-Immokalee-Marco Island, FL Metro Area",28297,1490,48981,2383,73346,3787,119254,4421,,
310M200US34980,34980,"Nashville-Davidson--Murfreesboro--Franklin, TN Metro Area",23357,810,42129,758,66377,1157,104868,2355,194538,9573
310M200US35100,35100,"New Bern, NC Metro Area",21627,1555,34236,3248,51881,3203,80081,5211,132934,4773
310M200US35260,35260,"New Castle, PA Micro Area",17567,1884,34522,3396,56539,3951,87249,6322,150711,24500
310M200US35300,35300,"New Haven-Milford, CT Metro Area",22652,1241,46218,1660,76627,2093,123727,3406,221661,6778
310M200US35380,35380,"New Orleans-Metairie, LA Metro Area",18173,678,36097,863,60775,1204,101675,1387,196658,8316
310M200US35420,35420,"New Philadelphia-Dover, OH Micro Area",18988,2704,37724,2836,56032,2794,80145,5755,135328,9816
310M200US35620,35620,"New York-Newark-Jersey City, NY-NJ-PA Metro Area",23853,271,51046,300,85879,516,141842,593,,
310M200US35660,35660,"Niles-Benton Harbor, MI Metro Area",19732,1440,35012,2845,57953,3341,93251,2903,160461,13019
310M200US35840,35840,"North Port-Sarasota-Bradenton, FL Metro Area",22579,977,41458,1116,63982,1708,102120,1371,193783,11815
310M200US35900,35900,"North Wilkesboro, NC Micro Area",13615,1356,23473,3876,41011,5784,68050,6621,120660,26484
310M200US35980,35980,"Norwich-New London, CT Metro Area",27404,2306,52255,2064,81018,2312,125855,6610,207123,9711
310M200US36020,36020,"Oak Harbor, WA Micro Area",26711,2754,48149,4918,74280,4619,110747,5189,182847,19889
310M200US36100,36100,"Ocala, FL Metro Area",19436,1228,33546,2266,49949,2350,75642,3585,130791,13173
310M200US36140,36140,"Ocean City, NJ Metro Area",24298,2815,44681,4013,73713,7131,115521,5412,210569,16825
310M200US36220,36220,"Odessa, TX Metro Area",24588,2798,46745,4565,75339,7049,114638,8254,208762,16241
310M200US36260,36260,"Ogden-Clearfield, UT Metro Area",31422,1460,53467,1495,76706,2305,110298,3935,174994,9279
310M200US36300,36300,"Ogdensburg-Massena, NY Micro Area",18505,1858,33321,2792,55841,2479,86002,5307,150007,23618
310M200US36420,36420,"Oklahoma City, OK Metro Area",22924,761,41391,751,64918,1317,102973,2062,188784,8148
310M200US36460,36460,"Olean, NY Micro Area",19284,1483,35106,2841,56796,4128,84398,4526,137003,9098
310M200US36500,36500,"Olympia-Tumwater, WA Metro Area",29590,2362,51747,2256,74280,3970,112915,4530,182387,11739
310M200US36540,36540,"Omaha-Council Bluffs, NE-IA Metro Area",25963,986,46483,924,71413,1550,107232,1867,179207,5490
310M200US36660,36660,"Opelousas, LA Micro Area",11250,1315,20961,1930,36319,2228,70555,7789,126775,7722
310M200US36700,36700,"Orangeburg, SC Micro Area",10238,1068,20554,3088,36845,3367,63822,7718,129572,12634
310M200US36740,36740,"Orlando-Kissimmee-Sanford, FL Metro Area",21507,537,38831,1152,58980,1186,95571,1908,180883,5541
310M200US36780,36780,"Oshkosh-Neenah, WI Metro Area",23281,2187,41670,2133,63379,3383,94000,3408,159617,10744
310M200US36860,36860,"Ottawa-Peru, IL Micro Area",20406,1894,40481,1821,63568,3245,96919,4865,145073,11296
310M200US36980,36980,"Owensboro, KY Metro Area",20088,1789,35008,2836,52080,4212,88511,4166,148622,10432
310M200US37020,37020,"Owosso, MI Micro Area",21175,2139,37239,4502,57023,3837,88984,7225,139840,12379
310M200US37100,37100,"Oxnard-Thousand Oaks-Ventura, CA Metro Area",32320,1496,60706,1560,91163,2110,140790,3183,,
310M200US37140,37140,"Paducah, KY-IL Micro Area",16210,1536,29256,3134,50606,3567,86946,6949,152843,22092
310M200US37260,37260,"Palatka, FL Micro Area",13450,1048,22440,3506,38196,4957,67590,10340,126582,23920
310M200US37340,37340,"Palm Bay-Melbourne-Titusville, FL Metro Area",20946,1089,38830,1763,59958,1960,92749,2861,171710,6592
310M200US37460,37460,"Panama City, FL Metro Area",20559,2351,35841,1931,56166,3189,90341,4177,162051,12833
310M200US37620,37620,"Parkersburg-Vienna, WV Metro Area",19181,1481,32409,2426,50344,2975,79652,4274,138105,7944
310M200US37860,37860,"Pensacola-Ferry Pass-Brent, FL Metro Area",23452,1312,41205,1421,60582,2228,93372,2678,163196,9461
310M200US37900,37900,"Peoria, IL Metro Area",24857,1377,45711,1354,69362,2309,106178,4290,180693,13843
310M200US37980,37980,"Philadelphia-Camden-Wilmington, PA-NJ-DE-MD Metro Area",24261,503,48109,700,79047,866,127611,1375,230312,4705
310M200US38060,38060,"Phoenix-Mesa-Scottsdale, AZ Metro Area",22900,471,42477,605,66503,714,105540,1256,194680,4959
310M200US38220,38220,"Pine Bluff, AR Metro Area",14166,1365,25702,2781,42568,4759,79006,8521,144746,16416
310M200US38240,38240,"Pinehurst-Southern Pines, NC Micro Area",20565,3045,39665,2793,62207,3974,98527,12090,165112,28040
310M200US38300,38300,"Pittsburgh, PA Metro Area",21121,534,41116,595,66123,930,103426,1604,187486,4271
310M200US38340,38340,"Pittsfield, MA Metro Area",19996,1734,37292,3221,63829,4767,101093,5716,197704,26410
310M200US38460,38460,"Plattsburgh, NY Micro Area",20821,2391,39993,3237,63818,3913,97293,5627,163267,17848
310M200US38540,38540,"Pocatello, ID Metro Area",19228,3253,36161,3597,55262,7191,88844,9536,154318,14970
310M200US38660,38660,"Ponce, PR Metro Area",5585,482,12579,712,21844,1018,38204,2737,80243,8717
310M200US38820,38820,"Port Angeles, WA Micro Area",21761,2620,36536,2230,58154,4462,89600,9426,158241,15010
310M200US38860,38860,"Portland-South Portland, ME Metro Area",25946,1269,48662,1850,73284,2929,112108,2861,205585,13286
310M200US38900,38900,"Portland-Vancouver-Hillsboro, OR-WA Metro Area",25756,541,47764,830,74191,1314,113291,1714,202183,2708
310M200US38940,38940,"Port St. Lucie, FL Metro Area",20667,1161,37566,2025,57225,2103,87471,4437,172040,11752
310M200US39020,39020,"Portsmouth, OH Micro Area",13903,1925,26882,5335,48944,6032,81715,7768,151400,10203
310M200US39060,39060,"Pottsville, PA Micro Area",18886,1700,34873,2255,53805,2303,81602,2585,127349,7586
310M200US39140,39140,"Prescott, AZ Metro Area",20050,1725,36409,2046,53839,3409,82857,5973,154623,17693
310M200US39300,39300,"Providence-Warwick, RI-MA Metro Area",21242,646,42666,998,71949,1281,114142,2090,204465,5001
310M200US39340,39340,"Provo-Orem, UT Metro Area",30497,1013,50725,1048,73655,2510,106243,2726,180812,7619
310M200US39380,39380,"Pueblo, CO Metro Area",17516,2974,32922,1786,51741,3216,84402,5049,140492,12013
310M200US39460,39460,"Punta Gorda, FL Metro Area",19894,1578,34933,1739,52751,4108,81422,4791,145087,10050
310M200US39500,39500,"Quincy, IL-MO Micro Area",20367,3225,36954,3809,54433,5000,81806,4021,134147,19505
310M200US39540,39540,"Racine, WI Metro Area",23500,2535,45762,2452,66522,3332,100746,5125,170938,9083
310M200US39580,39580,"Raleigh, NC Metro Area",26870,883,49369,1210,79124,2454,123888,2592,219224,7160
310M200US39660,39660,"Rapid City, SD Metro Area",23658,2887,40352,2819,60858,3507,92807,3638,157082,15382
310M200US39740,39740,"Reading, PA Metro Area",23373,1343,43544,2322,68298,2584,103855,2457,171645,5736
310M200US39820,39820,"Redding, CA Metro Area",19459,1527,34808,2523,56145,3438,88775,4988,159655,18288
310M200US39900,39900,"Reno, NV Metro Area",21672,1227,41488,1352,65300,2525,100165,3084,180802,11460
310M200US39980,39980,"Richmond, IN Micro Area",16543,1790,31400,2449,51324,2493,79775,6345,137373,17378
310M200US40060,40060,"Richmond, VA Metro Area",26546,815,49084,1330,75910,1453,115542,3366,207995,7494
310M200US40080,40080,"Richmond-Berea, KY Micro Area",15929,1535,31337,6078,54333,4149,90795,7250,149805,7157
310M200US40140,40140,"Riverside-San Bernardino-Ontario, CA Metro Area",22298,451,42471,658,68433,1009,106741,1192,183535,4678
310M200US40220,40220,"Roanoke, VA Metro Area",21841,1509,41060,1380,62764,2805,94671,4648,166155,7594
310M200US40260,40260,"Roanoke Rapids, NC Micro Area",13133,2269,23169,2840,39093,5371,71490,3427,122461,15593
310M200US40340,40340,"Rochester, MN Metro Area",30311,1627,54972,2494,81636,2614,120422,3479,206520,15881
310M200US40380,40380,"Rochester, NY Metro Area",22114,637,40086,1078,63904,1589,100497,2041,171654,5148
310M200US40420,40420,"Rockford, IL Metro Area",20340,1125,37454,1841,60091,2975,93163,4924,166775,6543
310M200US40580,40580,"Rocky Mount, NC Metro Area",15916,1503,29519,2701,47701,2175,73350,5045,136930,20977
310M200US40660,40660,"Rome, GA Metro Area",16105,2298,32976,3029,52649,4807,87612,6364,165230,28229
310M200US40700,40700,"Roseburg, OR Micro Area",17415,1886,33624,3938,53840,4934,81478,4459,129129,10733
310M200US40740,40740,"Roswell, NM Micro Area",15961,1621,31037,4784,49167,4094,85763,4191,132123,11804
310M200US40780,40780,"Russellville, AR Micro Area",18287,4546,32085,3056,47061,4184,77759,6339,139065,21307
310M200US40900,40900,"Sacramento--Roseville--Arden-Arcade, CA Metro Area",23847,776,46779,903,75449,1413,120861,1931,211029,6150
310M200US40980,40980,"Saginaw, MI Metro Area",19580,1434,37462,2317,54460,2936,86097,3650,142067,11273
310M200US41060,41060,"St. Cloud, MN Metro Area",23509,2646,42909,2801,66710,2775,98127,3719,173580,8476
310M200US41100,41100,"St. George, UT Metro Area",24328,2127,40278,2411,60089,3173,87421,9388,160469,18620
310M200US41140,41140,"St. Joseph, MO-KS Metro Area",18423,1457,36302,2508,56970,2351,89209,4093,152271,19955
310M200US41180,41180,"St. Louis, MO-IL Metro Area",23613,583,43450,946,69804,1047,108227,2277,194328,4246
310M200US41400,41400,"Salem, OH Micro Area",19430,1964,34750,4975,52004,5146,84365,6172,143965,14137
310M200US41420,41420,"Salem, OR Metro Area",21163,1537,39539,1998,60123,2275,91408,2606,150694,9237
310M200US41500,41500,"Salinas, CA Metro Area",26335,1294,46887,1840,71094,1656,115781,6721,228288,15860
310M200US41540,41540,"Salisbury, MD-DE Metro Area",24495,1586,43018,2031,66727,2623,103511,3730,182486,9213
310M200US41620,41620,"Salt Lake City, UT Metro Area",29097,1250,51972,938,76413,1301,113581,2293,206773,7745
310M200US41660,41660,"San Angelo, TX Metro Area",19667,3185,36624,3700,57402,5760,90412,6006,200642,62766
310M200US41700,41700,"San Antonio-New Braunfels, TX Metro Area",21936,641,41286,817,66167,1072,104608,1876,188209,6688
310M200US41740,41740,"San Diego-Carlsbad, CA Metro Area",27209,702,51376,854,82181,1067,130843,1534,236258,6296
310M200US41780,41780,"Sandusky, OH Micro Area",24348,2305,39734,3165,60261,4044,94718,6519,152116,29980
310M200US41860,41860,"San Francisco-Oakland-Hayward, CA Metro Area",31761,596,64867,1031,105283,1172,167845,2193,,
310M200US41900,41900,"San Germán, PR Metro Area",4574,689,10421,1030,18189,2556,33689,2378,62942,6108
310M200US41940,41940,"San Jose-Sunnyvale-Santa Clara, CA Metro Area",38549,1378,75871,1307,120748,1229,187920,4164,,
310M200US41980,41980,"San Juan-Carolina-Caguas, PR Metro Area",7438,291,16083,384,27965,613,49656,1296,100787,1831
310M200US42020,42020,"San Luis Obispo-Paso Robles-Arroyo Grande, CA Metro Area",25870,2136,48854,4249,79011,4934,118341,7022,213603,21196
310M200US42100,42100,"Santa Cruz-Watsonville, CA Metro Area",25235,2505,49436,2223,84787,5340,143123,9210,,
310M200US42140,42140,"Santa Fe, NM Metro Area",22784,1910,42926,2815,66326,5227,105380,6678,193511,17676
310M200US42200,42200,"Santa Maria-Santa Barbara, CA Metro Area",26199,1608,49165,2953,79007,3383,124306,5522,237626,12778
310M200US42220,42220,"Santa Rosa, CA Metro Area",29009,1649,53732,2715,83207,2926,130785,3856,228686,16374
310M200US42340,42340,"Savannah, GA Metro Area",22023,1411,42558,2335,65469,3026,102964,5368,175584,14735
310M200US42540,42540,"Scranton--Wilkes-Barre--Hazleton, PA Metro Area",18731,956,35475,982,56594,1642,91662,2215,153665,6822
310M200US42620,42620,"Searcy, AR Micro Area",15780,2136,30093,4253,54289,5413,86664,6550,154366,39047
310M200US42660,42660,"Seattle-Tacoma-Bellevue, WA Metro Area",30547,554,56552,790,88020,1177,135468,1678,237258,4620
310M200US42680,42680,"Sebastian-Vero Beach, FL Metro Area",21315,1494,34795,3371,57468,4278,100389,10599,201886,33398
310M200US42700,42700,"Sebring, FL Metro Area",17581,2111,29388,2195,42819,3021,65776,4971,124993,41613
310M200US42860,42860,"Seneca, SC Micro Area",16267,2266,28716,2952,50218,4881,76140,6948,138055,14196
310M200US42940,42940,"Sevierville, TN Micro Area",17897,2368,31493,3072,50006,5024,82173,8806,141179,41178
310M200US43060,43060,"Shawnee, OK Micro Area",19633,1402,35036,2919,55723,2733,85364,5240,153587,21474
310M200US43100,43100,"Sheboygan, WI Metro Area",25186,2258,44456,3038,64697,2833,95933,2884,158575,15911
310M200US43140,43140,"Shelby, NC Micro Area",15579,1981,29294,3100,47567,2861,71991,5818,124326,24526
310M200US43300,43300,"Sherman-Denison, TX Metro Area",20565,1899,40220,3920,67145,4977,92071,7776,156194,9899
310M200US43320,43320,"Show Low, AZ Micro Area",12131,1914,25518,2981,44937,4274,71537,4575,120473,16942
310M200US43340,43340,"Shreveport-Bossier City, LA Metro Area",15543,1209,31840,1492,52377,2321,88956,4715,159020,10034
310M200US43420,43420,"Sierra Vista-Douglas, AZ Metro Area",16899,2278,35121,3659,55228,3458,89935,8955,159116,15955
310M200US43580,43580,"Sioux City, IA-NE-SD Metro Area",20880,2038,38975,2903,61324,1705,90377,3582,164962,18745
310M200US43620,43620,"Sioux Falls, SD Metro Area",27095,1536,46390,2491,71065,2031,105037,4587,175283,9526
310M200US43740,43740,"Somerset, PA Micro Area",21009,1682,37403,2489,56233,2717,81951,3515,137201,15312
310M200US43780,43780,"South Bend-Mishawaka, IN-MI Metro Area",20442,1017,36423,1628,56990,2223,88074,4115,157911,14742
310M200US43900,43900,"Spartanburg, SC Metro Area",19547,1248,34049,1685,53425,2389,81771,2906,142056,10934
310M200US44060,44060,"Spokane-Spokane Valley, WA Metro Area",20738,1097,38434,1412,61004,1636,93454,2446,161860,6314
310M200US44100,44100,"Springfield, IL Metro Area",21684,1359,43201,3416,68966,3429,107842,5119,190329,10748
310M200US44140,44140,"Springfield, MA Metro Area",19175,1377,38300,1636,65457,2359,105715,3179,184905,12524
310M200US44180,44180,"Springfield, MO Metro Area",18692,1026,33167,1745,52087,1589,81606,3070,142331,6024
310M200US44220,44220,"Springfield, OH Metro Area",18269,1338,35149,3313,52063,2501,82501,3046,137345,13786
310M200US44300,44300,"State College, PA Metro Area",19026,4100,39971,3616,67410,5068,103242,5037,178270,18327
310M200US44340,44340,"Statesboro, GA Micro Area",12442,2040,23796,3651,42233,6585,76663,10084,118997,9687
310M200US44420,44420,"Staunton-Waynesboro, VA Metro Area",20782,2540,41950,3808,60395,2510,91600,4624,153656,18138
310M200US44620,44620,"Stevens Point, WI Micro Area",22860,3329,42241,2905,63698,3254,95104,6826,150385,17704
310M200US44660,44660,"Stillwater, OK Micro Area",15095,2338,28182,3473,47877,3969,81749,6777,162552,24164
310M200US44700,44700,"Stockton-Lodi, CA Metro Area",20722,869,39937,1489,65538,2248,106200,3975,186409,10837
310M200US44940,44940,"Sumter, SC Metro Area",15808,1220,26715,1858,46806,5349,75161,6462,122312,11315
310M200US44980,44980,"Sunbury, PA Micro Area",18785,1682,32039,1628,51203,2516,77211,3964,122443,9806
310M200US45060,45060,"Syracuse, NY Metro Area",21570,1013,40974,1340,64725,1785,101169,1804,177469,7811
310M200US45180,45180,"Talladega-Sylacauga, AL Micro Area",14645,2037,29273,4665,47079,2800,72278,6621,124357,7342
310M200US45220,45220,"Tallahassee, FL Metro Area",17636,1767,34928,2150,57009,3027,95366,3932,167129,10971
310M200US45300,45300,"Tampa-St. Petersburg-Clearwater, FL Metro Area",20557,385,37203,569,58266,1096,95490,1549,174997,4824
310M200US45460,45460,"Terre Haute, IN Metro Area",18010,2167,32286,2310,51668,3018,82476,5458,134637,8514
310M200US45500,45500,"Texarkana, TX-AR Metro Area",16264,1804,31710,2034,51397,2301,82243,6236,129175,14724
310M200US45540,45540,"The Villages, FL Metro Area",24780,2752,43361,3744,60378,4602,94514,8303,148586,27405
310M200US45780,45780,"Toledo, OH Metro Area",18080,855,35199,1285,57617,1548,95105,2315,165698,11722
310M200US45820,45820,"Topeka, KS Metro Area",24016,1437,42957,3517,66696,3029,98168,2889,143914,6118
310M200US45860,45860,"Torrington, CT Micro Area",33987,2658,61618,3173,88680,3243,130442,4213,206369,8804
310M200US45900,45900,"Traverse City, MI Micro Area",25244,1159,43703,2541,64813,2780,95436,4743,156025,23972
310M200US45940,45940,"Trenton, NJ Metro Area",27581,2233,57387,3523,95081,4415,151651,4898,,
310M200US46020,46020,"Truckee-Grass Valley, CA Micro Area",26761,3476,46650,3475,72006,7710,107537,6498,201144,53847
310M200US46060,46060,"Tucson, AZ Metro Area",19507,974,36236,1190,57863,1716,91625,2178,169886,4501
310M200US46100,46100,"Tullahoma-Manchester, TN Micro Area",19556,1766,37399,2405,52626,3228,79999,5727,145534,23446
310M200US46140,46140,"Tulsa, OK Metro Area",21934,539,40549,649,61990,718,96738,1693,173923,6833
310M200US46180,46180,"Tupelo, MS Micro Area",16800,1661,32983,3168,51482,4287,81937,7081,145935,18750
310M200US46220,46220,"Tuscaloosa, AL Metro Area",16615,1606,33371,2873,56706,2384,87156,3242,152940,10915
310M200US46300,46300,"Twin Falls, ID Micro Area",20478,1648,37038,3398,53841,3359,81065,8691,142166,19828
310M200US46340,46340,"Tyler, TX Metro Area",18383,2192,34837,3639,56212,3739,97722,3896,182051,17149
310M200US46380,46380,"Ukiah, CA Micro Area",17166,2384,31614,2107,53054,4617,88819,10347,159256,18531
310M200US46520,46520,"Urban Honolulu, HI Metro Area",33644,1657,61072,1195,89419,2405,133368,2713,214661,3823
310M200US46540,46540,"Utica-Rome, NY Metro Area",20216,1070,36196,1711,59529,2021,89958,3266,150445,8504
310M200US46660,46660,"Valdosta, GA Metro Area",16815,2211,29442,2706,44783,3812,82726,6694,146906,19238
310M200US46700,46700,"Vallejo-Fairfield, CA Metro Area",28521,2731,54600,2634,84461,3952,124592,4937,201973,9031
310M200US47020,47020,"Victoria, TX Metro Area",23389,2338,39347,3583,65104,8409,106883,10947,183658,29872
310M200US47220,47220,"Vineland-Bridgeton, NJ Metro Area",20203,1723,36604,2376,56772,2474,89160,4134,152072,11137
310M200US47260,47260,"Virginia Beach-Norfolk-Newport News, VA-NC Metro Area",25517,780,46920,928,72086,983,108753,1594,184364,4077
310M200US47300,47300,"Visalia-Porterville, CA Metro Area",18196,1153,33126,1563,53736,2451,85020,4188,152640,8546
310M200US47380,47380,"Waco, TX Metro Area",17646,1064,32338,1604,54588,2933,90348,4120,146708,9219
310M200US47460,47460,"Walla Walla, WA Metro Area",23562,3456,41733,2863,59962,4316,91289,8985,170134,25619
310M200US47580,47580,"Warner Robins, GA Metro Area",18251,2552,37929,2975,58210,5548,92454,5768,156386,10584
310M200US47700,47700,"Warsaw, IN Micro Area",26457,3773,46056,2879,61367,1739,94036,6587,177539,20320
310M200US47900,47900,"Washington-Arlington-Alexandria, DC-VA-MD-WV Metro Area",40088,612,72437,733,110819,717,170219,1588,,
310M200US47940,47940,"Waterloo-Cedar Falls, IA Metro Area",22838,2204,41471,2628,64724,3196,96972,3902,158358,9961
310M200US48020,48020,"Watertown-Fort Atkinson, WI Micro Area",28644,2439,46340,1733,67568,2355,95316,7099,152433,17262
310M200US48060,48060,"Watertown-Fort Drum, NY Metro Area",24141,4218,42127,2083,61345,2244,86027,4818,150196,14916
310M200US48140,48140,"Wausau, WI Metro Area",24187,1346,42662,2750,67798,4293,99277,2228,159213,13653
310M200US48260,48260,"Weirton-Steubenville, WV-OH Metro Area",17996,1541,33704,3141,53732,4370,82185,6030,128880,6697
310M200US48300,48300,"Wenatchee, WA Metro Area",23443,1863,39929,2996,62127,5302,93509,6769,158469,11984
310M200US48540,48540,"Wheeling, WV-OH Metro Area",17494,1683,32200,1872,52891,3013,90411,4771,144093,6043
310M200US48580,48580,"Whitewater-Elkhorn, WI Micro Area",22681,2418,42955,2069,62090,2828,100400,3945,156252,16753
310M200US48620,48620,"Wichita, KS Metro Area",22609,1175,40764,1094,63383,1895,99720,2228,172423,6594
310M200US48660,48660,"Wichita Falls, TX Metro Area",18236,2509,35622,2092,55973,2368,85860,4929,146380,14352
310M200US48700,48700,"Williamsport, PA Metro Area",20209,2415,36218,2768,55396,5122,88849,3662,149509,12714
310M200US48900,48900,"Wilmington, NC Metro Area",19922,1835,38204,2405,60262,3669,103340,3951,200567,15877
310M200US48980,48980,"Wilson, NC Micro Area",16205,2131,32025,3005,47967,4716,76997,4480,144145,29493
310M200US49020,49020,"Winchester, VA-WV Metro Area",22442,1968,39027,3821,66822,4757,110928,11485,187821,23719
310M200US49180,49180,"Winston-Salem, NC Metro Area",19124,834,35423,1096,55184,1460,86093,2280,151817,5628
310M200US49220,49220,"Wisconsin Rapids-Marshfield, WI Micro Area",24238,2817,40199,3406,62070,3049,91053,5775,146670,12456
310M200US49300,49300,"Wooster, OH Micro Area",23146,3219,40583,3032,58102,4077,90174,8432,141641,13856
310M200US49340,49340,"Worcester, MA-CT Metro Area",25455,992,51004,1034,80535,2091,124217,2970,213349,7380
310M200US49420,49420,"Yakima, WA Metro Area",21172,1878,36256,1852,55798,3536,82372,3240,145791,11208
310M200US49620,49620,"York-Hanover, PA Metro Area",25219,999,46674,1362,70085,2268,105963,2551,176525,4945
310M200US49660,49660,"Youngstown-Warren-Boardman, OH-PA Metro Area",18052,975,34037,1309,52056,1267,82243,2189,139209,5214
310M200US49700,49700,"Yuba City, CA Metro Area",20838,2926,38514,4239,59979,3591,95055,6648,173268,20609
310M200US49740,49740,"Yuma, AZ Metro Area",18152,1348,31713,1607,49276,2281,79109,4249,143711,14860
310M200US49780,49780,"Zanesville, OH Micro Area",15993,2050,30033,3664,50550,3649,79738,4926,136157,15499
